{
  "Movies": [
    {
      "adult": false,
      "backdrop_path": "/7Zx3wDG5bBtcfk8lcnCWDOLM4Y4.jpg",
      "genre_ids": [
        10751,
        35,
        878
      ],
      "id": "552524",
      "original_language": "en",
      "original_title": "Lilo & Stitch",
      "overview": "The wildly funny and touching story of a lonely Hawaiian girl and the fugitive alien who helps to mend her broken family.",
      "popularity": 630.3236,
      "poster_path": "/tUae3mefrDVTgm5mRzqWnZK6fOP.jpg",
      "release_date": "2025-05-17",
      "title": "Lilo & Stitch",
      "video": false,
      "vote_average": 7.1,
      "vote_count": 445
    },
    {
      "adult": false,
      "backdrop_path": "/4MNRH73XmwBK2ycv3qvLpa07O5F.jpg",
      "genre_ids": [
        28,
        18
      ],
      "id": "1257960",
      "original_language": "hi",
      "original_title": "सिकंदर",
      "overview": "A tragic accident pushes the powerful Sikandar to protect the less fortunate by standing up to corruption and greed — using any means necessary.",
      "popularity": 383.9789,
      "poster_path": "/t48miSSfe7COqgbgMyRIyPVTBoM.jpg",
      "release_date": "2025-03-29",
      "title": "Sikandar",
      "video": false,
      "vote_average": 5.3,
      "vote_count": 40
    },
    {
      "adult": false,
      "backdrop_path": "/nAxGnGHOsfzufThz20zgmRwKur3.jpg",
      "genre_ids": [
        27,
        28,
        53
      ],
      "id": "1233413",
      "original_language": "en",
      "original_title": "Sinners",
      "overview": "Trying to leave their troubled lives behind, twin brothers return to their hometown to start again, only to discover that an even greater evil is waiting to welcome them back.",
      "popularity": 408.2362,
      "poster_path": "/yqsCU5XOP2mkbFamzAqbqntmfav.jpg",
      "release_date": "2025-04-16",
      "title": "Sinners",
      "video": false,
      "vote_average": 7.5,
      "vote_count": 1036
    },
    {
      "adult": false,
      "backdrop_path": "/2Nti3gYAX513wvhp8IiLL6ZDyOm.jpg",
      "genre_ids": [
        10751,
        35,
        12,
        14
      ],
      "id": "950387",
      "original_language": "en",
      "original_title": "A Minecraft Movie",
      "overview": "Four misfits find themselves struggling with ordinary problems when they are suddenly pulled through a mysterious portal into the Overworld: a bizarre, cubic wonderland that thrives on imagination. To get back home, they'll have to master this world while embarking on a magical quest with an unexpected, expert crafter, Steve.",
      "popularity": 399.9711,
      "poster_path": "/yFHHfHcUgGAxziP1C3lLt0q2T4s.jpg",
      "release_date": "2025-03-31",
      "title": "A Minecraft Movie",
      "video": false,
      "vote_average": 6.485,
      "vote_count": 1627
    },
    {
      "adult": false,
      "backdrop_path": "/uIpJPDNFoeX0TVml9smPrs9KUVx.jpg",
      "genre_ids": [
        27,
        9648
      ],
      "id": "574475",
      "original_language": "en",
      "original_title": "Final Destination Bloodlines",
      "overview": "Plagued by a violent recurring nightmare, college student Stefanie heads home to track down the one person who might be able to break the cycle and save her family from the grisly demise that inevitably awaits them all.",
      "popularity": 308.5566,
      "poster_path": "/6WxhEvFsauuACfv8HyoVX6mZKFj.jpg",
      "release_date": "2025-05-14",
      "title": "Final Destination Bloodlines",
      "video": false,
      "vote_average": 7,
      "vote_count": 560
    },
    {
      "adult": false,
      "backdrop_path": "/uDyK2PT7s1U4wBdAceAk0oZPUds.jpg",
      "genre_ids": [
        28,
        12,
        53
      ],
      "id": "575265",
      "original_language": "en",
      "original_title": "Mission: Impossible 7",
      "overview": "Ethan Hunt and team continue their search for the terrifying AI known as the Entity — which has infiltrated intelligence networks all over the globe — with the world's governments and a mysterious ghost from Hunt's past on their trail. Joined by new allies and armed with the means to shut the Entity down for good, Hunt is in a race against time to prevent the world as we know it from changing forever.",
      "popularity": 260.521,
      "poster_path": "/z53D72EAOxGRqdr7KXXWp9dJiDe.jpg",
      "release_date": "2025-05-17",
      "title": "Mission: Impossible 7",
      "video": false,
      "vote_average": 7.1,
      "vote_count": 589
    },
    {
      "adult": false,
      "backdrop_path": "/icFWIk1KfkWLZnugZAJEDauNZ94.jpg",
      "genre_ids": [
        27,
        9648
      ],
      "id": "1232546",
      "original_language": "en",
      "original_title": "Until Dawn",
      "overview": "One year after her sister Melanie mysteriously disappeared, Clover and her friends head into the remote valley where she vanished in search of answers. Exploring an abandoned visitor center, they find themselves stalked by a masked killer and horrifically murdered one by one...only to wake up and find themselves back at the beginning of the same evening.",
      "popularity": 185.3389,
      "poster_path": "/juA4IWO52Fecx8lhAsxmDgy3M3.jpg",
      "release_date": "2025-04-23",
      "title": "Until Dawn",
      "video": false,
      "vote_average": 6.47,
      "vote_count": 559
    },
    {
      "adult": false,
      "backdrop_path": "/v67tbCB03CMcJRWit8CS7JdJp6.jpg",
      "genre_ids": [
        28,
        53,
        18
      ],
      "id": "757725",
      "original_language": "en",
      "original_title": "Shadow Force",
      "overview": "Kyrah and Isaac were once the leaders of a multinational special forces group called Shadow Force. They broke the rules by falling in love, and in order to protect their son, they go underground. With a large bounty on their heads, and the vengeful Shadow Force hot on their trail, one family's fight becomes all-out war.",
      "popularity": 293.6795,
      "poster_path": "/uX6FaNE86a4Xnf1mFFEryvjqB1D.jpg",
      "release_date": "2025-05-01",
      "title": "Shadow Force",
      "video": false,
      "vote_average": 6.182,
      "vote_count": 33
    },
    {
      "adult": false,
      "backdrop_path": "/cJvUJEEQ86LSjl4gFLkYpdCJC96.jpg",
      "genre_ids": [
        10752,
        28
      ],
      "id": "1241436",
      "original_language": "en",
      "original_title": "Warfare",
      "overview": "A platoon of Navy SEALs embarks on a dangerous mission in Ramadi, Iraq, with the chaos and brotherhood of war retold through their memories of the event.",
      "popularity": 164.0321,
      "poster_path": "/srj9rYrjefyWqkLc6l2xjTGeBGO.jpg",
      "release_date": "2025-04-09",
      "title": "Warfare",
      "video": false,
      "vote_average": 7.295,
      "vote_count": 484
    },
    {
      "adult": false,
      "backdrop_path": "/aIglP9Z5gtkQf7Fidb4NRv2gfDj.jpg",
      "genre_ids": [
        16,
        10751,
        35
      ],
      "id": "11544",
      "original_language": "en",
      "original_title": "Lilo & Stitch",
      "overview": "As Stitch, a runaway genetic experiment from a faraway planet, wreaks havoc on the Hawaiian Islands, he becomes the mischievous adopted alien \"puppy\" of an independent little girl named Lilo and learns about loyalty, friendship, and ʻohana, the Hawaiian tradition of family.",
      "popularity": 154.0464,
      "poster_path": "/m13Vbzv7R2GMAl3GXFrkmMEgCFQ.jpg",
      "release_date": "2002-06-21",
      "title": "Lilo & Stitch",
      "video": false,
      "vote_average": 7.548,
      "vote_count": 6567
    },
    {
      "adult": false,
      "backdrop_path": "/kESVPJUrMsaEpGnMIH8oYUkARPk.jpg",
      "genre_ids": [
        27,
        9648
      ],
      "id": "568770",
      "original_language": "es",
      "original_title": "Poseída",
      "overview": "A girl is possessed by a dark and mysterious entity. She will fight with all the elements at her disposal to get rid of it. Neither her mother, nor traditional medicine, nor a supposed expert in exorcisms, will be able to make the demon disappear, until a nun gets involved in the case and sows a doubt more terrible than the possession itself.",
      "popularity": 151.6208,
      "poster_path": "/nHNwBOccmQ7rK9yQI1HUSnHm1Ny.jpg",
      "release_date": "2025-06-05",
      "title": "The Containment",
      "video": false,
      "vote_average": 8,
      "vote_count": 6
    },
    {
      "adult": false,
      "backdrop_path": "/tyfO9jHgkhypUFizRVYD0bytPjP.jpg",
      "genre_ids": [
        10751,
        14
      ],
      "id": "447273",
      "original_language": "en",
      "original_title": "Snow White",
      "overview": "Following the benevolent King's disappearance, the Evil Queen dominated the once fair land with a cruel streak. Princess Snow White flees the castle when the Queen, in her jealousy over Snow White's inner beauty, tries to kill her. Deep into the dark woods, she stumbles upon seven magical dwarves and a young bandit named Jonathan. Together, they strive to survive the Queen's relentless pursuit and aspire to take back the kingdom.",
      "popularity": 150.3996,
      "poster_path": "/oLxWocqheC8XbXbxqJ3x422j9PW.jpg",
      "release_date": "2025-03-12",
      "title": "Snow White",
      "video": false,
      "vote_average": 4.302,
      "vote_count": 1004
    },
    {
      "adult": false,
      "backdrop_path": "/8eifdha9GQeZAkexgtD45546XKx.jpg",
      "genre_ids": [
        28,
        53,
        878
      ],
      "id": "822119",
      "original_language": "en",
      "original_title": "Captain America: Brave New World",
      "overview": "After meeting with newly elected U.S. President Thaddeus Ross, Sam finds himself in the middle of an international incident. He must discover the reason behind a nefarious global plot before the true mastermind has the entire world seeing red.",
      "popularity": 157.7259,
      "poster_path": "/pzIddUEMWhWzfvLI3TwxUG2wGoi.jpg",
      "release_date": "2025-02-12",
      "title": "Captain America: Brave New World",
      "video": false,
      "vote_average": 6.071,
      "vote_count": 2066
    },
    {
      "adult": false,
      "backdrop_path": "/jRvhP4AfFnJ03lCQhp1fie7XPSd.jpg",
      "genre_ids": [
        28,
        53
      ],
      "id": "977294",
      "original_language": "en",
      "original_title": "Tin Soldier",
      "overview": "An ex-special forces operative seeks revenge against a cult leader who has corrupted his former comrades, the Shinjas. This leader, known as The Bokushi, promises veterans a purpose and protection, but is revealed to be a destructive influence. The ex-soldier, Nash Cavanaugh, joins forces with military operative Emmanuel Ashburn to infiltrate the Bokushi's fortress and expose his reign of terror",
      "popularity": 123.8092,
      "poster_path": "/6HU667T8fxoIvgsgu2eyaznntsp.jpg",
      "release_date": "2025-05-22",
      "title": "Tin Soldier",
      "video": false,
      "vote_average": 4.9,
      "vote_count": 51
    },
    {
      "adult": false,
      "backdrop_path": "/aESb695wTIF0tB7RTGRebnYrjFK.jpg",
      "genre_ids": [
        12,
        14,
        9648
      ],
      "id": "1098006",
      "original_language": "en",
      "original_title": "Fountain of Youth",
      "overview": "A treasure-hunting mastermind assembles a team for a life-changing adventure. But to outwit and outrun threats at every turn, he'll need someone even smarter than he is: his estranged sister.",
      "popularity": 114.7459,
      "poster_path": "/4iWjGghUj2uyHo2Hyw8NFBvsNGm.jpg",
      "release_date": "2025-05-19",
      "title": "Fountain of Youth",
      "video": false,
      "vote_average": 6.451,
      "vote_count": 385
    },
    {
      "adult": false,
      "backdrop_path": "/5VzAs7LIUDGg8tZbdBTknFENntZ.jpg",
      "genre_ids": [
        18,
        35
      ],
      "id": "1417059",
      "original_language": "en",
      "original_title": "Mountainhead",
      "overview": "A group of billionaire friends get together against the backdrop of a rolling international crisis.",
      "popularity": 125.391,
      "poster_path": "/jZKK5mFKWbquxhAGMkRJtNYwk0I.jpg",
      "release_date": "2025-05-22",
      "title": "Mountainhead",
      "video": false,
      "vote_average": 5.591,
      "vote_count": 33
    },
    {
      "adult": false,
      "backdrop_path": "/qspghhpOyaBGgZDJoCbV2o9WNMU.jpg",
      "genre_ids": [
        27,
        9648
      ],
      "id": "1001414",
      "original_language": "en",
      "original_title": "Fear Street: Prom Queen",
      "overview": "Who will be voted queen at Shadyside High's 1988 prom? For underdog Lori, competition is cutthroat even before someone starts killing off the candidates.",
      "popularity": 111.8089,
      "poster_path": "/gevScWYkF8l5i9NjFSXo8HfPNyy.jpg",
      "release_date": "2025-05-23",
      "title": "Fear Street: Prom Queen",
      "video": false,
      "vote_average": 5.338,
      "vote_count": 262
    },
    {
      "adult": false,
      "backdrop_path": "/youmOAJwM4XCoHAgeYNXACA7Buc.jpg",
      "genre_ids": [
        16,
        12,
        35,
        10751
      ],
      "id": "676685",
      "original_language": "nl",
      "original_title": "Pandabeer in Afrika",
      "overview": "A young adventurous panda travels from China to Africa to rescue his best friend, Jielong the Dragon, who has been kidnapped. On his journey, he discovers a strange amazing new world of mountains, deserts and jungles.",
      "popularity": 110.9717,
      "poster_path": "/wxpu7svVqA0ALYpofQBPujGelN3.jpg",
      "release_date": "2024-03-15",
      "title": "Panda Bear in Africa",
      "video": false,
      "vote_average": 6.333,
      "vote_count": 42
    },
    {
      "adult": false,
      "backdrop_path": "/rRIz3KweJDjnJ4GtCZJT3JPEYgL.jpg",
      "genre_ids": [
        28,
        12
      ],
      "id": "1411773",
      "original_language": "en",
      "original_title": "The Last Stand of Ellen Cole",
      "overview": "When an evil contractor goes to extreme measures to evict a testy tenant who is standing in the way of his new project, he fails to take into account that this seemingly harmless old woman is a trained killer and will do anything to protect her beloved home.",
      "popularity": 223.0846,
      "poster_path": "/oq1pGVQ2t3Cy4v7sA4LRhNjtZuJ.jpg",
      "release_date": "2024-10-18",
      "title": "The Last Stand of Ellen Cole",
      "video": false,
      "vote_average": 8.036,
      "vote_count": 14
    },
    {
      "id": "735e",
      "title": "John Wick",
      "original_title": "John Wick: Chapter 4",
      "overview": "With the price on his head ever increasing, legendary hit man John Wick takes his fight against the High Table global as he seeks out the most powerful players in the underworld, from New York to Paris to Japan to Berlin.",
      "release_date": "2023-03-24",
      "vote_average": 8,
      "vote_count": 120000,
      "original_language": "English"
    },
    {
      "id": "2f39",
      "title": "Start Wars",
      "original_title": "Star Wars: The Last Jedi",
      "overview": "Rey develops her newly discovered abilities with the guidance of Luke Skywalker, who is unsettled by the strength of her powers. Meanwhile, the Resistance prepares to do battle with the First Order.",
      "release_date": "2017-12-15",
      "vote_average": 6,
      "vote_count": 3000,
      "original_language": "English",
      "poster_path": "https://media.themoviedb.org/t/p/w600_and_h900_bestv2/kOVEVeg59E0wsnXmF9nrh6OmWII.jpg",
      "isCreated": true
    }
  ]
}